	an	luna	S_DEN	url	tip	header	header_has_achiz	skip	printabila
0	2000	11	HOTĂRÂRE nr. 1.240 din 29 noiembrie 2000	http://legislatie.just.ro/Public/DetaliiDocument/25328	necateg	privind aprobarea unor achiziţii publice de către Ministerul Apărării Naţionale în vederea modernizării serviciului de ambulanta al Centrului Medical de Diagnostic, Tratament Ambulatoriu şi Medicina Preventivă şi pentru aprobarea garantarii de către Ministerul Finanţelor a unui credit extern pentru realizarea acestora	True	False	http://legislatie.just.ro/Public/FormaPrintabila/00000G3GJ8F3UECR9I939LO2XA01JBH9
1	2001	4	ORDONANŢA DE URGENŢĂ nr. 60 din 25 aprilie 2001 (*actualizată*)	http://legislatie.just.ro/Public/DetaliiDocument/54723	necateg	privind achiziţiile publice	True	False	http://legislatie.just.ro/Public/FormaPrintabila/00000G1NOC0T9K17DZO1869J5Z2PF83O
2	2001	4	ORDONANŢA DE URGENŢĂ nr. 60 din 25 aprilie 2001 (*actualizata*)	http://legislatie.just.ro/Public/DetaliiDocument/28356	necateg	privind achiziţiile publice	True	False	http://legislatie.just.ro/Public/FormaPrintabila/00000G1XFG2IK46RC1U25QCOEIDSMD62
3	2002	1	ORDONANTA nr. 20 din 24 ianuarie 2002 - (*actualizată*)	http://legislatie.just.ro/Public/DetaliiDocument/42105	necateg	privind achiziţiile publice prin licitaţii electronice	True	False	http://legislatie.just.ro/Public/FormaPrintabila/00000G1NPK7NPY7E6OL0SBYQJ9CG57UQ
4	2002	2	HOTĂRÂRE nr. 179 din 28 februarie 2002	http://legislatie.just.ro/Public/DetaliiDocument/34396	necateg	privind înfiinţarea Comisiei de supraveghere a funcţionarii Sistemului electronic de achiziţii publice	True	False	http://legislatie.just.ro/Public/FormaPrintabila/00000G2XB7LF6HB3PSK3V90JR8QHS4LL
5	2002	2	HOTARARE nr. 182 din 28 februarie 2002 (*actualizata*)	http://legislatie.just.ro/Public/DetaliiDocument/64900	necateg	privind lista autoritatilor contractante care au obligatia de a aplica prevederile Ordonantei Guvernului nr. 20/2002 privind achizitiile publice prin licitatii electronice si produsele care urmeaza sa fie achizitionate prin procedura de licitatie electronica	True	False	http://legislatie.just.ro/Public/FormaPrintabila/00000G08QRCIWHQIBC30RE26SWVE5AXC
6	2002	7	LEGE nr. 468 din 9 iulie 2002 (*actualizată*)	http://legislatie.just.ro/Public/DetaliiDocument/37646	necateg	pentru aprobarea Ordonanţei Guvernului nr. 20/2002 privind achiziţiile publice prin licitaţii electronice	True	False	http://legislatie.just.ro/Public/FormaPrintabila/00000G3B63XKPKTV3QC1R7S7F9RUJ7ON
7	2002	4	LEGE nr. 212 din 19 aprilie 2002 (*actualizată*)	http://legislatie.just.ro/Public/DetaliiDocument/166299	necateg	pentru aprobarea Ordonanţei de urgenţă a Guvernului nr. 60/2001 privind achiziţiile publice	True	False	http://legislatie.just.ro/Public/FormaPrintabila/00000G0ZCPZBKNP7ZWV2SFSGW9N33Q9U
8	2002	2	HOTĂRÂRE nr. 182 din 28 februarie 2002 (*actualizata*)	http://legislatie.just.ro/Public/DetaliiDocument/64891	necateg	privind lista autorităţilor contractante care au obligaţia de a aplica prevederile Ordonantei Guvernului nr. 20/2002 privind achiziţiile publice prin licitatii electronice şi produsele care urmeaza să fie achiziţionate prin procedura de licitaţie electronică	True	False	http://legislatie.just.ro/Public/FormaPrintabila/00000G3KJXXNAMBJSLL1IMSYP0X9KDJ0
9	2002	12	ORDONANŢĂ DE URGENŢĂ nr. 189 din 12 decembrie 2002 (*actualizată*)	http://legislatie.just.ro/Public/DetaliiDocument/113686	necateg	privind operaţiunile compensatorii referitoare la contractele de achiziţii pentru nevoi de apărare, ordine publică şi siguranţă naţională	True	False	http://legislatie.just.ro/Public/FormaPrintabila/00000G33SGKB0YSH4IA1V1MHRQM03L8W
10	2002	12	ORDONANŢĂ DE URGENŢĂ nr. 189 din 12 decembrie 2002 (*actualizată*)	http://legislatie.just.ro/Public/DetaliiDocument/153241	necateg	privind operaţiunile compensatorii referitoare la contractele de achiziţii pentru nevoi de apărare, ordine publică şi siguranţă naţională	True	False	http://legislatie.just.ro/Public/FormaPrintabila/00000G0QF6YNU0G5QX82CJQM2XGL2VV7
11	2002	7	LEGE nr. 468 din 9 iulie 2002 (*actualizată*)	http://legislatie.just.ro/Public/DetaliiDocument/166443	necateg	pentru aprobarea Ordonanţei Guvernului nr. 20/2002 privind achiziţiile publice prin licitaţii electronice	True	False	http://legislatie.just.ro/Public/FormaPrintabila/00000G3BA0K12PVA4XC35YQQJ5QXKIHP
12	2003	12	NORME METODOLOGICE din 18 decembrie 2003 (*actualizate*)	http://legislatie.just.ro/Public/DetaliiDocument/49080	necateg	pentru aplicarea prevederilor Ordonantei Guvernului nr. 20/2002 privind achiziţiile publice prin licitatii electronice	True	False	http://legislatie.just.ro/Public/FormaPrintabila/00000G3E8UHY1FCQDF81B0CL19YBKFDM
13	2003	6	LEGE nr. 246 din 10 iunie 2003	http://legislatie.just.ro/Public/DetaliiDocument/44468	necateg	privind aprobarea Ordonanţei Guvernului nr. 23/2003 pentru modificarea şi completarea Ordonanţei Guvernului nr. 20/2002 privind achiziţiile publice prin licitaţii electronice	True	False	http://legislatie.just.ro/Public/FormaPrintabila/00000G3F4O4IW9JOWEY2K0XDM7FJTCDU
14	2004	6	NORME METODOLOGICE din 16 iunie 2004	http://legislatie.just.ro/Public/DetaliiDocument/53195	necateg	privind încheierea şi derularea contractelor de achiziţii publice pentru medicamente, materiale sanitare şi reactivi, necesare activităţii unităţilor sanitare cu paturi din reţeaua Ministerului Sănătăţii	True	False	http://legislatie.just.ro/Public/FormaPrintabila/00000G05HSLHS3AKH6T33UPYJYRBEQVM
15	2005	6	ORDONANŢĂ DE URGENŢĂ nr. 74 din 29 iunie 2005 (*actualizată*)	http://legislatie.just.ro/Public/DetaliiDocument/62858	necateg	privind înfiinţarea Autorităţii Naţionale pentru Reglementarea şi Monitorizarea Achiziţiilor Publice	True	False	http://legislatie.just.ro/Public/FormaPrintabila/00000G15AP8QPR8O6AH1D31WW6TM7V9L
16	2005	6	ORDONANŢĂ DE URGENŢĂ nr. 74 din 29 iunie 2005 (*actualizată*)	http://legislatie.just.ro/Public/DetaliiDocument/132678	necateg	privind înfiinţarea Autorităţii Naţionale pentru Reglementarea şi Monitorizarea Achiziţiilor Publice	True	False	http://legislatie.just.ro/Public/FormaPrintabila/00000G0NVL8Z558RHZR1ERDXMO0FUBPW
17	2006	1	DECIZIE nr. 7 din 10 ianuarie 2006	http://legislatie.just.ro/Public/DetaliiDocument/68886	necateg	referitoare la excepţia de neconstituţionalitate a dispoziţiilor art. 85, art. 93 şi art. 94 alin. (1) din Ordonanţa de urgenţă a Guvernului nr. 60/2001 privind achiziţiile publice	True	False	http://legislatie.just.ro/Public/FormaPrintabila/00000G2SIVR6JWG0R2F0PXDET5UI4Q39
18	2006	7	HOTĂRÂRE nr. 925 din 19 iulie 2006(*actualizată*)	http://legislatie.just.ro/Public/DetaliiDocument/73667	necateg	pentru aprobarea normelor de aplicare a prevederilor referitoare la atribuirea contractelor de achiziţie publică din Ordonanţa de urgenţă a Guvernului nr. 34/2006 privind atribuirea contractelor de achiziţie publică, a contractelor de concesiune de lucrări publice şi a contractelor de concesiune de servicii	True	False	http://legislatie.just.ro/Public/FormaPrintabila/00000G20054LG272E1E0O1JALGMPAQUQ
19	2006	2	HOTĂRÂRE nr. 228 din 16 februarie 2006	http://legislatie.just.ro/Public/DetaliiDocument/69201	necateg	privind autorizarea Serviciului de Protecţie şi Pază de a încheia contracte pentru achiziţii de tehnică şi echipamente necesare îndeplinirii misiunilor specifice	True	False	http://legislatie.just.ro/Public/FormaPrintabila/00000G1HRG7R5BABWJO1CH42QA55KT8I
20	2006	4	ORDONANȚĂ DE URGENȚĂ nr. 34 din 19 aprilie 2006 	http://legislatie.just.ro/Public/DetaliiDocument/71663	necateg	privind atribuirea contractelor de achiziție publică, a contractelor de concesiune de lucrări publice și a contractelor de concesiune de servicii	True	False	http://legislatie.just.ro/Public/FormaPrintabila/00000G0XFVLVZ9QUG6P1TVK4Z87CKGOT
21	2006	7	HOTĂRÂRE nr. 925 din 19 iulie 2006 (*actualizată*)	http://legislatie.just.ro/Public/DetaliiDocument/136582	necateg	pentru aprobarea normelor de aplicare a prevederilor referitoare la atribuirea contractelor de achiziţie publică din Ordonanţa de urgenta a Guvernului nr. 34/2006 privind atribuirea contractelor de achiziţie publică, a contractelor de concesiune de lucrări publice şi a contractelor de concesiune de servicii	True	False	http://legislatie.just.ro/Public/FormaPrintabila/00000G0WZOTUTJAL3LS31EDT4EF80PPR
22	2006	4	ORDONANȚĂ DE URGENȚĂ nr. 30 din 12 aprilie 2006 	http://legislatie.just.ro/Public/DetaliiDocument/71046	necateg	privind funcția de verificare a aspectelor procedurale aferente procesului de atribuire a contractelor de achiziție publică, a contractelor de concesiune de lucrări publice și a contractelor de concesiune de servicii**)	True	False	http://legislatie.just.ro/Public/FormaPrintabila/00000G3C2MX063FKTOG3KUIV1ANZKR89
23	2006	2	HOTĂRÂRE nr. 172 din 3 februarie 2006	http://legislatie.just.ro/Public/DetaliiDocument/69062	necateg	privind modificarea şi completarea Normelor metodologice pentru aplicarea prevederilor Ordonanţei Guvernului nr. 20/2002 privind achiziţiile publice prin licitaţii electronice, aprobate prin Hotărârea Guvernului nr. 1.567/2003	True	False	http://legislatie.just.ro/Public/FormaPrintabila/00000G35E5ZSM118HS71UOCDWZ2O3088
24	2006	10	GHID din 2 octombrie 2006	http://legislatie.just.ro/Public/DetaliiDocument/76783	necateg	pentru atribuirea contractelor de achiziţie publică*)	True	False	http://legislatie.just.ro/Public/FormaPrintabila/00000G0TBAR6FQRSW1H09ARQHB2YNLMU
25	2006	6	NORME METODOLOGICE din 07 iunie 2006	http://legislatie.just.ro/Public/DetaliiDocument/72854	necateg	privind încheierea şi derularea contractelor de achiziţii publice pentru medicamente şi/sau materiale sanitare specifice, necesare realizării programului, respectiv subprogramelor naţionale cu scop curativ finanţate din Fondul naţional unic de asigurări sociale de sănătate	True	False	http://legislatie.just.ro/Public/FormaPrintabila/00000G3MC50OHMI1RSC3OV00OYBR9ZM0
26	2006	5	HOTĂRÂRE nr. 608 din 10 mai 2006	http://legislatie.just.ro/Public/DetaliiDocument/71728	necateg	pentru modificarea şi completarea Hotărârii Guvernului nr. 1.718/2005 privind autorizarea Ministerului Administraţiei şi Internelor pentru încheierea unor contracte comerciale de achiziţii publice şi a Ministerului Finanţelor Publice de a contracta credite externe pentru realizarea unor programe de achiziţii, precum şi pentru aprobarea modificării în structură a sumelor alocate Ministerului Administraţiei şi Internelor din credite externe pe anul 2006	True	False	http://legislatie.just.ro/Public/FormaPrintabila/00000G3Q2DDZ0UXX2SU0IVLEOY58092T
27	2007	5	HOTĂRÂRE nr. 525 din 30 mai 2007 (*actualizată*)	http://legislatie.just.ro/Public/DetaliiDocument/82744	necateg	privind organizarea şi funcţionarea Autorităţii Naţionale pentru Reglementarea şi Monitorizarea Achiziţiilor Publice	True	False	http://legislatie.just.ro/Public/FormaPrintabila/00000G3L2FKTIRMG6IU1LKU9VLWNVLNF
28	2007	5	HOTĂRÂRE nr. 525 din 30 mai 2007 (*actualizată*)	http://legislatie.just.ro/Public/DetaliiDocument/140245	necateg	privind organizarea şi funcţionarea Autorităţii Naţionale pentru Reglementarea şi Monitorizarea Achiziţiilor Publice	True	False	http://legislatie.just.ro/Public/FormaPrintabila/00000G12BDFMZ0WF41F3SR7O9HM4FH2A
29	2008	3	ORDIN nr. M.31 din 25 martie 2008 	http://legislatie.just.ro/Public/DetaliiDocument/208801	necateg	privind competențele de achiziție a produselor, serviciilor și lucrărilor în cadrul Ministerului Apărării	True	False	http://legislatie.just.ro/Public/FormaPrintabila/00000G0L9D0CS3S61U43M7IN2KKNC184
30	2010	6	ORDONANȚĂ DE URGENȚĂ nr. 76 din 30 iunie 2010	http://legislatie.just.ro/Public/DetaliiDocument/201241	necateg	pentru modificarea și completarea Ordonanței de urgență a Guvernului nr. 34/2006 privind atribuirea contractelor de achiziție publică, a contractelor de concesiune de lucrări publice și a contractelor de concesiune de servicii	True	False	http://legislatie.just.ro/Public/FormaPrintabila/00000G3P19HKTONV1MP3EMG5HU32YYPP
31	2010	6	ORDONANȚĂ DE URGENȚĂ nr. 76 din 30 iunie 2010	http://legislatie.just.ro/Public/DetaliiDocument/120065	necateg	pentru modificarea și completarea Ordonanței de urgență a Guvernului nr. 34/2006 privind atribuirea contractelor de achiziție publică, a contractelor de concesiune de lucrări publice și a contractelor de concesiune de servicii	True	False	http://legislatie.just.ro/Public/FormaPrintabila/00000G05Z6FZQ3MG7IJ21ELL8E3MRRYJ
32	2011	12	ORDONANȚĂ DE URGENȚĂ nr. 114 din 21 decembrie 2011 	http://legislatie.just.ro/Public/DetaliiDocument/201984	primar	privind atribuirea anumitor contracte de achiziții publice în domeniile apărării și securității	True	False	http://legislatie.just.ro/Public/FormaPrintabila/00000G02JZDWT8TIJRN2KJW6BS8NSUMD
33	2011	9	HOTĂRÂRE nr. 921 din 21 septembrie 2011	http://legislatie.just.ro/Public/DetaliiDocument/131660	necateg	pentru aprobarea Normelor de aplicare a Ordonanţei de urgenţă a Guvernului nr. 30/2006 privind funcţia de verificare a aspectelor procedurale aferente procesului de atribuire a contractelor de achiziţie publică, a contractelor de concesiune de lucrări publice şi a contractelor de concesiune de servicii	True	False	http://legislatie.just.ro/Public/FormaPrintabila/00000G0BVZGOQTUID3J2APHHHW35TUI0
34	2011	7	ORDIN nr. 156 din 28 iulie 2011	http://legislatie.just.ro/Public/DetaliiDocument/130521	necateg	pentru modificarea Ordinului ministrului administraţiei şi internelor nr. 26/2011 privind desfăşurarea activităţii de achiziţii publice în cadrul aparatului central al Ministerului Administraţiei şi Internelor	True	False	http://legislatie.just.ro/Public/FormaPrintabila/00000G0XQ7ETSTGUSFN1X9GSQU8L3FXQ
35	2011	2	ORDIN nr. 26 din 4 februarie 2011 (*actualizat*)	http://legislatie.just.ro/Public/DetaliiDocument/131592	necateg	privind desfăşurarea activităţii de achiziţii publice în cadrul aparatului central al Ministerului Administraţiei şi Internelor	True	False	http://legislatie.just.ro/Public/FormaPrintabila/00000G2LNOKQT5RWFA42ZNKQ21C8WGPI
36	2011	2	ORDIN nr. 29 din 4 februarie 2011 (*actualizată*)	http://legislatie.just.ro/Public/DetaliiDocument/126319	necateg	privind competenţele de achiziţie a produselor şi serviciilor în Ministerul Administraţiei şi Internelor	True	False	http://legislatie.just.ro/Public/FormaPrintabila/00000G3UKPPTKNHSDV521HD1QZFPC4TG
37	2011	8	HOTĂRÂRE nr. 801 din 4 august 2011	http://legislatie.just.ro/Public/DetaliiDocument/130633	necateg	pentru modificarea şi completarea Hotărârii Guvernului nr. 525/2007 privind organizarea şi funcţionarea Autorităţii Naţionale pentru Reglementarea şi Monitorizarea Achiziţiilor Publice	True	False	http://legislatie.just.ro/Public/FormaPrintabila/00000G2CRPS5VPO64VY3II754WIP1E61
38	2012	11	ORDONANŢĂ DE URGENŢĂ nr. 77 din 22 noiembrie 2012 (*actualizată*)	http://legislatie.just.ro/Public/DetaliiDocument/143511	necateg	pentru modificarea şi completarea Ordonanţei de urgenţă a Guvernului nr. 34/2006 privind atribuirea contractelor de achiziţie publică, a contractelor de concesiune de lucrări publice şi a contractelor de concesiune de servicii	True	False	http://legislatie.just.ro/Public/FormaPrintabila/00000G0M0V5M91FCWVX22KU77BDB900H
39	2012	11	ORDONANŢĂ DE URGENŢĂ nr. 71 din 20 noiembrie 2012 (*actualizată*)	http://legislatie.just.ro/Public/DetaliiDocument/149371	necateg	privind desemnarea Ministerului Sănătăţii ca unitate de achiziţii publice centralizată	True	False	http://legislatie.just.ro/Public/FormaPrintabila/00000G39ZVVDAWHVB8V1VLHZX1CONQRQ
40	2013	8	DECIZIE nr. 350 din 19 august 2013	http://legislatie.just.ro/Public/DetaliiDocument/150716	necateg	privind transferul, în interesul serviciului, al domnului Marossy Zoltan Gheorghe din funcţia publică de inspector guvernamental în cadrul Secretariatului General al Guvernului în funcţia publică de conducere vacantă de şef serviciu al Serviciului managementul proiectelor şi achiziţii publice - Direcţia investiţii şi managementul proiectelor din cadrul Consiliului Judeţean Timiş	True	False	http://legislatie.just.ro/Public/FormaPrintabila/00000G051BZHXMDWA8Q0FXJWVA8EB8MZ
41	2013	6	GHID din 5 iunie 2013	http://legislatie.just.ro/Public/DetaliiDocument/150376	necateg	privind principalele riscuri identificate în domeniul achiziţiilor publice şi recomandările Comisiei Europene ce trebuie urmate de autorităţile de management/organismele intermediare în procesul de verificare a procedurilor de achiziţii publice	True	False	http://legislatie.just.ro/Public/FormaPrintabila/00000G2WKVK373TU3381YI2PLGVUU3TC
42	2014	2	ORDIN nr. 213 din 25 februarie 2014	http://legislatie.just.ro/Public/DetaliiDocument/155876	necateg	privind asigurarea transparenţei specificaţiilor tehnice aferente achiziţiilor publice centralizate	True	False	http://legislatie.just.ro/Public/FormaPrintabila/00000G37VV6EWDKRTQ00GF8JV1SRHKKV
43	2014	11	DECIZIE nr. 701 din 27 noiembrie 2014	http://legislatie.just.ro/Public/DetaliiDocument/165130	necateg	referitoare la excepţia de neconstituţionalitate a prevederilor art. 271 alin. (1) din Ordonanţa de urgenţă a Guvernului nr. 34/2006 privind atribuirea contractelor de achiziţie publică, a contractelor de concesiune de lucrări publice şi a contractelor de concesiune de servicii	True	False	http://legislatie.just.ro/Public/FormaPrintabila/00000G1AYZNWI9Y955T289QY4ZH6DYA9
44	2015	10	HOTĂRÂRE nr. 901 din 27 octombrie 2015	http://legislatie.just.ro/Public/DetaliiDocumentAfis/173379	secundar	privind aprobarea Strategiei naționale în domeniul achizițiilor publice	True	False	http://legislatie.just.ro/Public/FormaPrintabila/00000G2WTP8A4660UIT3M6VDR9HFKAO0
45	2015	9	DECIZIE nr. 221 din 28 septembrie 2015	http://legislatie.just.ro/Public/DetaliiDocument/171621	necateg	privind numirea domnului Lilian Onescu în funcţia publică de secretar general adjunct al Agenţiei Naţionale pentru Achiziţii Publice, în aplicarea mobilităţii înalţilor funcţionari publici	True	False	http://legislatie.just.ro/Public/FormaPrintabila/00000G03HV87NG76FK50W1AT2KH95HGR
46	2015	5	ORDONANȚĂ DE URGENȚĂ nr. 13 din 20 mai 2015 	http://legislatie.just.ro/Public/DetaliiDocument/168267	necateg	privind înființarea, organizarea și funcționarea Agenției Naționale pentru Achiziții Publice	True	False	http://legislatie.just.ro/Public/FormaPrintabila/00000G00U3LHKT2VDTY3QM506PBQIW9H
47	2015	10	HOTĂRÂRE nr. 86 din 21 octombrie 2015	http://legislatie.just.ro/Public/DetaliiDocument/172310	necateg	privind aprobarea opiniei referitoare la Comunicarea Comisiei către Parlamentul European şi Consiliu privind normele referitoare la achiziţiile publice în legătură cu actuala criză în materie de azil - COM(2015)454	True	False	http://legislatie.just.ro/Public/FormaPrintabila/00000G1FB259K3NKVMN1DCM4W0K6PAT1
48	2015	7	HOTĂRÂRE nr. 634 din 28 iulie 2015	http://legislatie.just.ro/Public/DetaliiDocument/170839	necateg	privind organizarea și funcționarea Agenției Naționale pentru Achiziții Publice	True	False	http://legislatie.just.ro/Public/FormaPrintabila/00000G2KTCZUD0BYIHQ19BSW29CD923U
49	2015	9	DECIZIE nr. 202 din 2 septembrie 2015	http://legislatie.just.ro/Public/DetaliiDocument/171088	necateg	privind eliberarea domnului Bogdan-Paul Dobrin din funcţia de preşedinte, cu rang de secretar de stat, al Autorităţii Naţionale pentru Reglementarea şi Monitorizarea Achiziţiilor Publice	True	False	http://legislatie.just.ro/Public/FormaPrintabila/00000G3V4MZL635UW1Y1RCGVQSIINHQQ
50	2015	9	DECIZIE nr. 201 din 2 septembrie 2015	http://legislatie.just.ro/Public/DetaliiDocument/171091	necateg	privind eliberarea domnului Marius-Cătălin Gogescu din funcţia de vicepreşedinte, cu rang de subsecretar de stat, al Autorităţii Naţionale pentru Reglementarea şi Monitorizarea Achiziţiilor Publice	True	False	http://legislatie.just.ro/Public/FormaPrintabila/00000G0U7JR8I64KWO22K3SVRAT8YD3O
51	2015	12	ORDIN nr. 1.140 din 3 decembrie 2015	http://legislatie.just.ro/Public/DetaliiDocument/174018	necateg	pentru aprobarea Regulamentului privind controlul ex-post al modului de atribuire a contractelor de achiziţie publică, a contractelor de concesiune de lucrări publice şi a contractelor de concesiune de servicii	True	False	http://legislatie.just.ro/Public/FormaPrintabila/00000G1N7PWGFTEW6PC07U3WAGU0ZAZX
52	2015	12	ORDIN nr. 1.139 din 2 decembrie 2015	http://legislatie.just.ro/Public/DetaliiDocument/174031	necateg	privind notificarea încheierii contractului de achiziţie publică/acordului-cadru	True	False	http://legislatie.just.ro/Public/FormaPrintabila/00000G2CNARULV11ASG10UJ4ML3HDALG
53	2015	10	DECIZIE nr. 236 din 19 octombrie 2015	http://legislatie.just.ro/Public/DetaliiDocument/241575	necateg	privind înființarea Comitetului Interministerial pentru Achiziții Publice	True	False	http://legislatie.just.ro/Public/FormaPrintabila/00000G2V4BT4MB78U5R0Z5II80QYMOLL
54	2015	5	ORDONANȚĂ DE URGENȚĂ nr. 13 din 20 mai 2015 	http://legislatie.just.ro/Public/DetaliiDocument/190468	necateg	privind înființarea, organizarea și funcționarea Agenției Naționale pentru Achiziții Publice	True	False	http://legislatie.just.ro/Public/FormaPrintabila/00000G2KT7E1JJ3G8CY362YISQ8IORB1
55	2015	10	STRATEGIA NAȚIONALĂ din 27 octombrie 2015	http://legislatie.just.ro/Public/DetaliiDocument/173380	necateg	în domeniul achizițiilor publice	True	False	http://legislatie.just.ro/Public/FormaPrintabila/00000G22BQE0DMJIV4U2U7A4HH2Z1ISC
56	2015	3	DECIZIE nr. 163 din 17 martie 2015	http://legislatie.just.ro/Public/DetaliiDocument/168776	necateg	referitoare la excepţia de neconstituţionalitate a dispoziţiilor art. 271^1 şi 271^2 din Ordonanţa de urgenţă a Guvernului nr. 34/2006 privind atribuirea contractelor de achiziţie publică, a contractelor de concesiune de lucrări publice şi a contractelor de concesiune de servicii	True	False	http://legislatie.just.ro/Public/FormaPrintabila/00000G1FMCJ2KQRSUOM05H018LWIJB6M
57	2015	9	DECIZIE nr. 212 din 16 septembrie 2015	http://legislatie.just.ro/Public/DetaliiDocument/171362	necateg	privind numirea domnului Ladanyi Laszlo-Zsolt în funcţia publică de secretar general al Agenţiei Naţionale pentru Achiziţii Publice	True	False	http://legislatie.just.ro/Public/FormaPrintabila/00000G0CTSB3U62LAZK30U2KP3Q67OFJ
58	2015	9	DECIZIE nr. 204 din 2 septembrie 2015	http://legislatie.just.ro/Public/DetaliiDocument/171082	necateg	pentru numirea doamnei Roxana Mînzatu în funcţia de preşedinte, cu rang de secretar de stat, al Agenţiei Naţionale pentru Achiziţii Publice	True	False	http://legislatie.just.ro/Public/FormaPrintabila/00000G2B7PF2JDM2OV83VNOXVBRKIW4K
59	2015	2	ORDIN nr. 130 din 24 februarie 2015	http://legislatie.just.ro/Public/DetaliiDocument/166145	necateg	pentru abrogarea Ordinului ministrului transporturilor nr. 222/2014 privind asigurarea transparenţei documentaţiilor de atribuire aferente procedurilor de achiziţii publice demarate de către Ministerul Transporturilor	True	False	http://legislatie.just.ro/Public/FormaPrintabila/00000G3NO43EJV1M2ZR1OFSZKACDX48Q
60	2016	6	HOTĂRÂRE nr. 395 din 2 iunie 2016 	http://legislatie.just.ro/Public/DetaliiDocument/179009	primar	pentru aprobarea Normelor metodologice de aplicare a prevederilor referitoare la atribuirea contractului de achiziție publică/acordului-cadru din Legea nr. 98/2016 privind achizițiile publice	True	False	http://legislatie.just.ro/Public/FormaPrintabila/00000G14HM89HI81GLV0GR5I8HNJANUG
61	2016	5	LEGE nr. 99 din 19 mai 2016	http://legislatie.just.ro/Public/DetaliiDocument/178661	primar	privind achizițiile sectoriale	True	False	http://legislatie.just.ro/Public/FormaPrintabila/00000G0GRBRQQYXUSH23CYLNTPG4YICU
62	2016	5	LEGE nr. 98 din 19 mai 2016	http://legislatie.just.ro/Public/DetaliiDocument/228066	primar	privind achizițiile publice	True	False	http://legislatie.just.ro/Public/FormaPrintabila/00000G3M9RQRPJ371LA2156RAXRTJBTG
63	2016	9	ORDONANȚĂ DE URGENȚĂ nr. 58 din 19 septembrie 2016	http://legislatie.just.ro/Public/DetaliiDocument/181898	primar	pentru modificarea și completarea unor acte normative cu impact asupra domeniului achizițiilor publice	True	False	http://legislatie.just.ro/Public/FormaPrintabila/00000G2DYHEWWQ6BICF0UJV0A3GMRFJB
64	2016	5	LEGE nr. 100 din 19 mai 2016	http://legislatie.just.ro/Public/DetaliiDocument/178689	primar	privind concesiunile de lucrări și concesiunile de servicii	False	False	http://legislatie.just.ro/Public/FormaPrintabila/00000G3CE25A2U1NVVF000ZLFGH92YOQ
65	2016	5	LEGE nr. 101 din 19 mai 2016	http://legislatie.just.ro/Public/DetaliiDocument/178680	primar	privind remediile și căile de atac în materie de atribuire a contractelor de achiziție publică, a contractelor sectoriale și a contractelor de concesiune de lucrări și concesiune de servicii, precum și pentru organizarea și funcționarea Consiliului Național de Soluționare a Contestațiilor	True	False	http://legislatie.just.ro/Public/FormaPrintabila/00000G1PA5TVUAW32PL28V5X7ZUWAGG2
66	2016	6	HOTĂRÂRE nr. 394 din 2 iunie 2016 	http://legislatie.just.ro/Public/DetaliiDocument/178987	secundar	pentru aprobarea Normelor metodologice de aplicare a prevederilor referitoare la atribuirea contractului sectorial/acordului-cadru din Legea nr. 99/2016 privind achizițiile sectoriale	True	False	http://legislatie.just.ro/Public/FormaPrintabila/00000G2PHR2UOWEELEO2FIRAKZC103TX
67	2016	11	HOTĂRÂRE nr. 867 din 16 noiembrie 2016	http://legislatie.just.ro/Public/DetaliiDocument/184355	secundar	pentru aprobarea Normelor metodologice de aplicare a prevederilor referitoare la atribuirea contractelor de concesiune de lucrări și concesiune de servicii din Legea nr. 100/2016 privind concesiunile de lucrări și concesiunile de servicii	False	False	http://legislatie.just.ro/Public/FormaPrintabila/00000G2KNBZ6CYRYD250Q0DFLJ1SZP56
68	2016	11	HOTĂRÂRE nr. 866 din 16 noiembrie 2016	http://legislatie.just.ro/Public/DetaliiDocumentAfis/184257	secundar	pentru modificarea şi completarea Normelor metodologice de aplicare a prevederilor referitoare la atribuirea contractului sectorial/acordului-cadru din Legea nr. 99/2016 privind achiziţiile sectoriale, aprobate prin Hotărârea Guvernului nr. 394/2016, precum şi pentru modificarea şi completarea Normelor metodologice de aplicare a prevederilor referitoare la atribuirea contractului de achiziţie publică/acordului-cadru din Legea nr. 98/2016 privind achiziţiile publice, aprobate prin Hotărârea Guvernului nr. 395/2016	True	False	http://legislatie.just.ro/Public/FormaPrintabila/00000G2MKRSSESSZZO93586MGHIZA4DO
69	2016	3	INSTRUCŢIUNI nr. 1 din 2 martie 2016	http://legislatie.just.ro/Public/DetaliiDocument/176371	tertiar	privind modificarea contractului de achiziţie publică în cursul perioadei sale de valabilitate şi încadrarea acestor modificări ca fiind substanţiale sau nesubstanţiale	True	False	http://legislatie.just.ro/Public/FormaPrintabila/00000G2NJSVI7Q0X6933PP45U17EIAL4
70	2016	3	INSTRUCŢIUNE nr. 2 din 31 martie 2016	http://legislatie.just.ro/Public/DetaliiDocument/177375	tertiar	emisă în aplicarea prevederilor art. 188 alin. (1) lit. a), alin. (2) lit. a) şi alin. (3) lit. a) din Ordonanţa de urgenţă a Guvernului nr. 34/2006 privind atribuirea contractelor de achiziţie publică, a contractelor de concesiune de lucrări publice şi a contractelor de concesiune de servicii	True	False	http://legislatie.just.ro/Public/FormaPrintabila/00000G0TJWC5LUTYGQK21X911E8F3RNO
71	2016	12	ORDIN nr. 842/175/2016	http://legislatie.just.ro/Public/DetaliiDocument/249579	tertiar	privind aprobarea metodologiei de calcul al ratei de actualizare ce va fi utilizată la atribuirea contractelor de achiziție publică	True	False	http://legislatie.just.ro/Public/FormaPrintabila/00000G2IQF34QXJLE3C127B0AUQYOLIS
72	2016	6	ORDIN nr. 281 din 22 iunie 2016	http://legislatie.just.ro/Public/DetaliiDocumentAfis/179591	tertiar	privind stabilirea formularelor standard ale Programului anual al achiziţiilor publice şi Programului anual al achiziţiilor sectoriale	True	False	http://legislatie.just.ro/Public/FormaPrintabila/00000G1BR5FX1S2WBZ808B8B21DSV0WP
73	2016	5	LEGE nr. 101 din 19 mai 2016	http://legislatie.just.ro/Public/DetaliiDocument/178680	necateg	privind remediile și căile de atac în materie de atribuire a contractelor de achiziție publică, a contractelor sectoriale și a contractelor de concesiune de lucrări și concesiune de servicii, precum și pentru organizarea și funcționarea Consiliului Național de Soluționare a Contestațiilor	True	False	http://legislatie.just.ro/Public/FormaPrintabila/00000G2KOZ91SWAOJY32CWENWG8876N9
74	2016	11	ORDIN nr. 1.258 din 7 noiembrie 2016	http://legislatie.just.ro/Public/DetaliiDocument/183843	necateg	pentru transparentizarea informaţiilor cu privire la achiziţiile publice şi contractele ce implică utilizarea patrimoniului public la nivelul spitalelor publice, serviciilor judeţene de ambulanţă şi instituţiilor cu personalitate juridică aflate în subordinea sau în coordonarea Ministerului Sănătăţii	True	False	http://legislatie.just.ro/Public/FormaPrintabila/00000G1B0U8ALVWIVV0218H1HEL15O7I
75	2016	1	DECIZIE nr. 30 din 26 ianuarie 2016	http://legislatie.just.ro/Public/DetaliiDocument/175282	necateg	privind numirea domnului Bogdan Puşcaş în funcţia de preşedinte, cu rang de secretar de stat, al Agenţiei Naţionale pentru Achiziţii Publice	True	False	http://legislatie.just.ro/Public/FormaPrintabila/00000G10ZBVOL7YBMS904GN21LVJF4PQ
76	2016	10	LEGE nr. 184 din 17 octombrie 2016	http://legislatie.just.ro/Public/DetaliiDocument/182744	necateg	privind instituirea unui mecanism de prevenire a conflictului de interese în procedura de atribuire a contractelor de achiziţie publică	True	False	http://legislatie.just.ro/Public/FormaPrintabila/00000G0U46VZKKF0FZR017HY4YUYV5QQ
77	2016	2	DECIZIE nr. 93 din 25 februarie 2016	http://legislatie.just.ro/Public/DetaliiDocument/177660	necateg	referitoare la excepţia de neconstituţionalitate a dispoziţiilor art. 271^1 alin. (1) şi (2) din Ordonanţa de urgenţă a Guvernului nr. 34/2006 privind atribuirea contractelor de achiziţie publică, a contractelor de concesiune de lucrări publice şi a contractelor de concesiune de servicii	True	False	http://legislatie.just.ro/Public/FormaPrintabila/00000G1AC4TWILZNF552BYO484C7YJ8W
78	2016	10	ORDIN nr. 1.082/731/2016	http://legislatie.just.ro/Public/DetaliiDocument/183184	necateg	pentru aprobarea modelului de documentație de atribuire standard privind achiziția de produse biocide	True	False	http://legislatie.just.ro/Public/FormaPrintabila/00000G3UPCM3SMKP7UW0OCT8X2XRX228
79	2016	10	ORDIN nr. 1.082/731/2016	http://legislatie.just.ro/Public/DetaliiDocument/193535	necateg	pentru aprobarea modelului de documentație de atribuire standard privind achiziția de produse biocide	True	False	http://legislatie.just.ro/Public/FormaPrintabila/00000G0QPLIXQHOBV2U3AM1ZPGE1QVN3
80	2016	6	ORDIN nr. 264 din 8 iunie 2016 (*actualizat*)	http://legislatie.just.ro/Public/DetaliiDocument/179104	necateg	privind stabilirea metodologiei de selecţie pentru evaluarea ex-ante a documentaţiilor de atribuire aferente contractelor/acordurilor-cadru de achiziţie publică care intră sub incidenţa art. 23 alin. (2) din anexa la Hotărârea Guvernului nr. 395/2016 pentru aprobarea Normelor metodologice de aplicare a prevederilor referitoare la atribuirea contractului de achiziţie publică/acordului-cadru din Legea nr. 98/2016 privind achiziţiile publice, respectiv contractelor/acordurilor-cadru sectoriale care intră sub incidenţa art. 25 alin. (2) din anexa la Hotărârea Guvernului nr. 394/2016 pentru aprobarea Normelor metodologice de aplicare a prevederilor referitoare la atribuirea contractului sectorial/acordului-cadru din Legea nr. 99/2016 privind achiziţiile sectoriale, precum şi pentru stabilirea modului de interacţiune cu autorităţile/entităţile contractante verificate	True	False	http://legislatie.just.ro/Public/FormaPrintabila/00000G1IPMWBO1JVX5Y3D9IO6BA9RGSX
81	2016	10	ORDIN nr. 1.119 din 11 octombrie 2016	http://legislatie.just.ro/Public/DetaliiDocument/182928	necateg	privind modificarea şi completarea Listei medicamentelor, materialelor sanitare, echipamentelor medicale, echipamentelor de protecţie, a serviciilor, combustibililor şi lubrifianţilor pentru parcul auto, pentru care se organizează proceduri de achiziţie centralizate la nivel naţional, aprobată prin Ordinul ministrului sănătăţii nr. 658/2013	True	False	http://legislatie.just.ro/Public/FormaPrintabila/00000G2OG769N11XUU71M8OLEFX4RQDW
82	2016	12	ORDIN nr. 175 din 9 decembrie 2016	http://legislatie.just.ro/Public/DetaliiDocument/184860	necateg	privind aprobarea metodologiei de calcul al ratei de actualizare ce va fi utilizată la atribuirea contractelor de achiziție publică	True	False	http://legislatie.just.ro/Public/FormaPrintabila/00000G1MIKM9410PCB31DVSC4H7D2VSE
83	2016	5	LEGE nr. 98 din 19 mai 2016	http://legislatie.just.ro/Public/DetaliiDocument/188290	necateg	privind achizițiile publice	True	False	http://legislatie.just.ro/Public/FormaPrintabila/00000G1QIKP9PASK9MK3CHNPUBMDTGKD
84	2017	12	ORDONANȚĂ DE URGENȚĂ nr. 98 din 14 decembrie 2017	http://legislatie.just.ro/Public/DetaliiDocument/195762	primar	privind funcția de control ex ante al procesului de atribuire a contractelor/acordurilor-cadru  de achiziție publică, a contractelor/acordurilor-cadru sectoriale și a contractelor de concesiune  de lucrări și concesiune de servicii	True	False	http://legislatie.just.ro/Public/FormaPrintabila/00000G0CJW08CWKIWGE0SQUIBR6A1QH1
85	2017	12	 ORDONANȚĂ DE URGENȚĂ nr. 107 din 20 decembrie 2017	https://legislatie.just.ro/Public/DetaliiDocumentAfis/196165	primar	pentru modificarea și completarea unor acte normative cu impact în domeniul achizițiilor publice	True	False	http://legislatie.just.ro/Public/FormaPrintabila/00000G0LKURQCM3VTV01LPNTLFCXQE2A
86	2017	8	INSTRUCȚIUNE nr. 3 din 8 august 2017	http://legislatie.just.ro/Public/DetaliiDocument/192418	tertiar	privind modificările contractului de achiziție publică/contractului de achiziție sectorială/ acordului-cadru și încadrarea acestor modificări ca fiind substanțiale sau nesubstanțiale	True	False	http://legislatie.just.ro/Public/FormaPrintabila/00000G0KON808ULZYRV3PA4RHFKCF3CA
87	2017	5	ORDIN nr. 121 din 16 mai 2017	http://legislatie.just.ro/Public/DetaliiDocument/189557	tertiar	privind acordarea de consiliere metodologică 	False	False	http://legislatie.just.ro/Public/FormaPrintabila/00000G11FA2B9BUVWSU2XNADSWPJPRXV
88	2017	6	ORDIN nr. 141 din 14 iunie 2017	http://legislatie.just.ro/Public/DetaliiDocument/190443	tertiar	privind aprobarea Metodologiei de selecție și modului de interacțiune a autorităților/ entităților contractante cu Agenția Națională pentru Achiziții Publice în legătură cu intenția de modificare a contractelor/acordurilor-cadru de achiziție publică, respectiv a contractelor/acordurilor-cadru sectoriale, în condițiile prevăzute la art. 221 alin. (1) lit. c) din Legea nr. 98/2016 și la art. 238 din Legea nr. 99/2016	True	False	http://legislatie.just.ro/Public/FormaPrintabila/00000G1X4GV5RND9WKV1RLVBSGC4YQIJ
89	2017	6	ORDIN nr. 55 din 22 iunie 2017	http://legislatie.just.ro/Public/DetaliiDocumentAfis/190363	tertiar	privind modificarea și completarea Metodologiei de stabilire a venitului reglementat, a venitului total și a tarifelor reglementate pentru activitatea de transport al gazelor naturale, aprobată prin Ordinul președintelui Autorității Naționale de Reglementare în Domeniul Energiei nr. 32/2014	False	False	http://legislatie.just.ro/Public/FormaPrintabila/00000G2M53XJFMNEIFV21I1YFR3A8CML
90	2017	11	HOTĂRÂRE nr. 862 din 29 noiembrie 2017	http://legislatie.just.ro/Public/DetaliiDocument/195608	necateg	pentru modificarea și completarea Hotărârii Guvernului nr. 34/2009  privind organizarea și funcționarea Ministerului Finanțelor Publice,  precum și pentru modificarea Hotărârii Guvernului nr. 520/2013 privind organizarea  și funcționarea Agenției Naționale de Administrare Fiscală și a Hotărârii Guvernului nr. 634/2015 privind organizarea și funcționarea Agenției Naționale pentru Achiziții Publice	True	False	http://legislatie.just.ro/Public/FormaPrintabila/00000G2VI6IAPOAJQQD3IXAZYTZ5J35Y
91	2017	7	DECIZIA nr. 498 din 4 iulie 2017	http://legislatie.just.ro/Public/DetaliiDocument/195122	necateg	referitoare la excepția de neconstituționalitate a dispozițiilor art. 181 lit. c^1) din Ordonanța de urgență a Guvernului nr. 34/2006 privind atribuirea contractelor de achiziție publică, a contractelor de concesiune de lucrări publice și a contractelor de concesiune de servicii	True	False	http://legislatie.just.ro/Public/FormaPrintabila/00000G3U80JE8SLWWYH0RL99BBXV001S
92	2017	9	ORDIN nr. 16.413 din 29 septembrie 2017	http://legislatie.just.ro/Public/DetaliiDocument/193856	necateg	privind modificarea anexei nr. 3 la Ordinul ministrului sănătății și al președintelui Agenției Naționale pentru Achiziții Publice nr. 1.082/731/2016 pentru aprobarea modelului de documentație de atribuire standard privind achiziția de produse biocide	True	False	http://legislatie.just.ro/Public/FormaPrintabila/00000G29K6XAOXIOYAU11PR5BA8OGLIB
93	2017	4	DECIZIA nr. 262 din 27 aprilie 2017	http://legislatie.just.ro/Public/DetaliiDocument/190797	necateg	referitoare la excepția de neconstituționalitate a dispozițiilor art. 271^1 alin. (7) din Ordonanța de urgență a Guvernului nr. 34/2006 privind atribuirea contractelor de achiziție publică, a contractelor de concesiune de lucrări publice și a contractelor de concesiune de servicii	True	False	http://legislatie.just.ro/Public/FormaPrintabila/00000G0PIRAE5ZE21RG2RYZBL9UNEKO1
94	2017	11	ORDIN nr. 6.712/890/2017	http://legislatie.just.ro/Public/DetaliiDocument/195037	necateg	privind aprobarea modului de efectuare a achizițiilor în cadrul proiectelor  cu finanțare europeană implementate în parteneriat	True	False	http://legislatie.just.ro/Public/FormaPrintabila/00000G38C32KNY8W63J2N2C5HWXAI8IH
95	2017	6	METODOLOGIE din 14 iunie 2017	http://legislatie.just.ro/Public/DetaliiDocument/190444	necateg	de selecție și modului de interacțiune a autorităților/ entităților contractante cu Agenția Națională pentru Achiziții Publice în legătură cu intenția de modificare a contractelor/acordurilor-cadru de achiziție publică, respectiv a contractelor/acordurilor-cadru sectoriale, în condițiile prevăzute la art. 221 alin. (1) lit. c) din Legea nr. 98/2016 și la art. 238 din Legea nr. 99/2016	True	False	http://legislatie.just.ro/Public/FormaPrintabila/00000G2HTZUD5LA7JHR1NZ4G640QIG17
96	2017	12	ORDONANȚĂ DE URGENȚĂ nr.  107 din 20 decembrie 2017	http://legislatie.just.ro/Public/DetaliiDocument/196165	necateg	pentru modificarea și completarea unor acte normative cu impact în domeniul achizițiilor publice	True	False	http://legislatie.just.ro/Public/FormaPrintabila/00000G0DV5BV34XIH3O1L9MKMHJ6L0KM
97	2017	12	ORDIN nr. 1.170 din 27 decembrie 2017	http://legislatie.just.ro/Public/DetaliiDocument/196628	necateg	privind nivelul ratei de actualizare pentru anul 2018 aferente contractelor de achiziție publică	True	False	http://legislatie.just.ro/Public/FormaPrintabila/00000G0MXI2L2MAURDC29HAEHXZ4CQ1A
98	2018	12	ORDONANȚĂ DE URGENȚĂ nr. 114 din 28 decembrie 2018	http://legislatie.just.ro/Public/DetaliiDocument/209465	primar	privind instituirea unor măsuri în domeniul investițiilor publice și a unor măsuri fiscal-bugetare, modificarea și completarea unor acte normative și prorogarea unor termene	False	False	http://legislatie.just.ro/Public/FormaPrintabila/00000G0DRYHQR9UIVTY3STIZ2PP3L58M
99	2018	6	ORDONANȚĂ DE URGENȚĂ nr. 55 din 28 iunie 2018	https://legislatie.just.ro/Public/DetaliiDocumentAfis/202146	primar	pentru modificarea și completarea Ordonanței de urgență a Guvernului nr. 114/2011  privind atribuirea anumitor contracte de achiziții publice în domeniile apărării și securității	True	False	http://legislatie.just.ro/Public/FormaPrintabila/00000G1VM4K64Z9XKHP02RRX9LHPGGM6
100	2018	5	ORDONANȚĂ DE URGENȚĂ nr. 39 din 10 mai 2018	http://legislatie.just.ro/Public/DetaliiDocumentAfis/209193	primar	privind parteneriatul public-privat	False	False	http://legislatie.just.ro/Public/FormaPrintabila/00000G08X220LKZVZI816O6H8V4H8KJF
101	2018	5	ORDONANȚĂ DE URGENȚĂ nr. 46 din 31 mai 2018	http://legislatie.just.ro/Public/DetaliiDocumentAfis/201404	primar	privind înființarea, organizarea și funcționarea Oficiului Național pentru Achiziții Centralizate	True	False	http://legislatie.just.ro/Public/FormaPrintabila/00000G0JWT1L37ZBCOJ2BZWDAEAW50PS
102	2018	5	 ORDONANȚĂ DE URGENȚĂ nr. 45 din 24 mai 2018	https://legislatie.just.ro/Public/DetaliiDocumentAfis/201303	primar	pentru modificarea și completarea unor acte normative cu impact  asupra sistemului achizițiilor publice	True	False	http://legislatie.just.ro/Public/FormaPrintabila/00000G2ICE27BR3IYAE1FGOFZXEANDNS
103	2018	6	HOTĂRÂRE nr. 419 din 8 iunie 2018	http://legislatie.just.ro/Public/DetaliiDocument/216268	secundar	pentru aprobarea Normelor metodologice de aplicare a prevederilor Ordonanței de urgență a Guvernului nr. 98/2017 privind funcția de control ex ante al procesului de atribuire a contractelor/acordurilor-cadru de achiziție publică, a contractelor/acordurilor-cadru sectoriale și a contractelor de concesiune de lucrări  și concesiune de servicii, pentru modificarea Hotărârii Guvernului nr. 34/2009  privind organizarea și funcționarea Ministerului Finanțelor Publice, pentru modificarea Hotărârii Guvernului nr. 634/2015 privind organizarea și funcționarea Agenției Naționale pentru Achiziții Publice, precum și pentru modificarea și completarea Normelor metodologice de aplicare a prevederilor referitoare la atribuirea contractului sectorial/acordului-cadru din Legea nr. 99/2016 privind achizițiile sectoriale, aprobate prin Hotărârea Guvernului nr. 394/2016, a Normelor metodologice de aplicare a prevederilor referitoare la atribuirea contractului de achiziție publică/acordului-cadru din Legea nr. 98/2016 privind achizițiile publice, aprobate prin Hotărârea Guvernului nr. 395/2016 și a Normelor metodologice de aplicare a prevederilor referitoare la atribuirea contractelor de concesiune de lucrări și concesiune de servicii din Legea nr. 100/2016 privind concesiunile de lucrări și concesiunile de servicii, aprobate prin Hotărârea Guvernului nr. 867/2016	True	False	http://legislatie.just.ro/Public/FormaPrintabila/00000G3G1HNFRGUNDS6323XKAN639R08
104	2018	7	HOTĂRÂRE nr. 502 din 5 iulie 2018	http://legislatie.just.ro/Public/DetaliiDocument/202705	secundar	privind organizarea și funcționarea Oficiului Național pentru Achiziții Centralizate  și pentru modificarea și completarea unor acte normative	True	False	http://legislatie.just.ro/Public/FormaPrintabila/00000G3Q1YY219UQL0O2F6JOBPEROLNS
105	2018	1	HOTĂRÂRE nr. 1 din 10 ianuarie 2018	http://legislatie.just.ro/Public/DetaliiDocument/196640	secundar	pentru aprobarea condițiilor generale și specifice pentru anumite categorii de contracte de achiziție aferente obiectivelor de investiții finanțate din fonduri publice	True	False	http://legislatie.just.ro/Public/FormaPrintabila/00000G3VQX3JEBZZDNL3Q6J95UP0MSPB
106	2018	10	INSTRUCȚIUNE nr. 1 din 26 octombrie 2018	http://legislatie.just.ro/Public/DetaliiDocument/206373	tertiar	privind modul de interpretare a aplicării prevederilor art. 31 din Legea nr. 98/2016  privind achizițiile publice	True	False	http://legislatie.just.ro/Public/FormaPrintabila/00000G17TIQKTX9C13B1RYXH577RN0IC
107	2018	12	INSTRUCȚIUNE nr. 2 din 21 decembrie 2018	http://legislatie.just.ro/Public/DetaliiDocument/209920	tertiar	privind ajustarea prețului contractului de achiziție publică/sectorială	True	False	http://legislatie.just.ro/Public/FormaPrintabila/00000G0CCY8RBSCLXIY28NMPUF714ENI
108	2018	7	ORDIN nr. 707 din 3 iulie 2018	http://legislatie.just.ro/Public/DetaliiDocument/202619	tertiar	privind stabilirea unui mecanism de creștere a competitivității companiilor deținute majoritar sau integral de stat  prin intermediul procedurilor de achiziție publică/sectorială	True	False	http://legislatie.just.ro/Public/FormaPrintabila/00000G3K03NHNI9ZEH32JLPK4SFEG8EJ
109	2018	12	INSTRUCȚIUNE nr. 2 din 21 decembrie 2018	http://legislatie.just.ro/Public/DetaliiDocument/212560	tertiar	privind ajustarea prețului contractului de achiziție publică/sectorială	True	False	http://legislatie.just.ro/Public/FormaPrintabila/00000G1T69UHL0GZLUJ2H71SLKVKZASC
110	2018	2	ORDIN nr. 314 din 22 februarie 2018	http://legislatie.just.ro/Public/DetaliiDocument/198735	tertiar	pentru aprobarea Metodologiei de control ex-post  privind modul de atribuire a contractelor/acordurilor-cadru de achiziție publică,  a contractelor/acordurilor-cadru sectoriale, a contractelor de concesiune de lucrări  și a contractelor de concesiune de servicii	True	False	http://legislatie.just.ro/Public/FormaPrintabila/00000G37ZDOKCCD1VFA2NDQEQ9GFAZ3L
111	2018	1	ORDIN nr. 2.717/318/2018	http://legislatie.just.ro/Public/DetaliiDocument/210042	tertiar	privind revizuirea ratei de actualizare ce va fi utilizată la atribuirea contractelor de achiziție publică	True	False	http://legislatie.just.ro/Public/FormaPrintabila/00000G03UWJBOQUILUG06LEBAOTHGE1T
112	2018	11	ORDIN nr. 1.068/1.652/2018	http://legislatie.just.ro/Public/DetaliiDocument/206680	tertiar	pentru aprobarea Ghidului de achiziții publice verzi care cuprinde cerințele minime  privind protecția mediului pentru anumite grupe de produse și servicii ce se solicită  la nivelul caietelor de sarcini 	True	False	http://legislatie.just.ro/Public/FormaPrintabila/00000G0C3WJMT121ZXS3MDJCY708ZIDL
113	2018	10	ORDIN nr. 1.581 din 5 octombrie 2018	http://legislatie.just.ro/Public/DetaliiDocument/206127	tertiar	privind aprobarea formularelor standard ale proceselor-verbale intermediare de evaluare  aferente procedurilor de atribuire a contractelor/acordurilor-cadru de achiziție publică,  a contractelor/acordurilor-cadru sectoriale și a contractelor de concesiune de lucrări  și concesiune de servicii	True	False	http://legislatie.just.ro/Public/FormaPrintabila/00000G0KGBABV6OWQ2J2G1UYYQI9EYI3
114	2018	2	METODOLOGIE din 22 februarie 2018	http://legislatie.just.ro/Public/DetaliiDocument/198736	necateg	de control ex-post privind modul de atribuire a contractelor/acordurilor-cadru de achiziție publică, a contractelor/acordurilor-cadru sectoriale, a contractelor de concesiune de lucrări și a contractelor de concesiune de servicii	True	False	http://legislatie.just.ro/Public/FormaPrintabila/00000G22EYP62J4AO4X2S76TL9N4GKIS
115	2018	7	ORDIN nr. 87 din 31 iulie 2018	http://legislatie.just.ro/Public/DetaliiDocument/203755	necateg	privind desfășurarea activității de achiziții publice pentru necesitățile structurilor finanțate  din bugetul propriu al ordonatorului principal de credite	True	False	http://legislatie.just.ro/Public/FormaPrintabila/00000G2LJDD09VOOMKQ0DRNLFZ0JGADM
116	2018	5	ORDONANȚĂ DE URGENȚĂ nr. 46 din 31 mai 2018	http://legislatie.just.ro/Public/DetaliiDocument/201404	necateg	privind înființarea, organizarea și funcționarea Oficiului Național pentru Achiziții Centralizate	True	False	http://legislatie.just.ro/Public/FormaPrintabila/00000G37GR8TZCSX2I81PTU6XTF6SQCQ
117	2018	11	DECIZIA nr. 738 din 20 noiembrie 2018	http://legislatie.just.ro/Public/DetaliiDocument/212362	necateg	referitoare la excepția de neconstituționalitate a dispozițiilor art. 167 alin. (4) din Legea nr. 98/2016 privind achizițiile publice	True	False	http://legislatie.just.ro/Public/FormaPrintabila/00000G2OTYK8MLCZ99B146YEQ9ZX8UOX
118	2018	7	NORME din 31 iulie 2018	http://legislatie.just.ro/Public/DetaliiDocument/204236	necateg	privind eficientizarea procedurilor de atribuire a contractelor de achiziție publică implementate de către Compania Națională de Administrare a Infrastructurii Rutiere - S.A.	True	False	http://legislatie.just.ro/Public/FormaPrintabila/00000G2UOQSRFJQSF8O1MG9OCTOOEGE9
119	2018	10	DECIZIA nr. 620 din 4 octombrie 2018	http://legislatie.just.ro/Public/DetaliiDocument/212884	necateg	referitoare la excepția de neconstituționalitate a dispozițiilor art. 69 din Legea nr. 101/2016  privind remediile și căile de atac în materie de atribuire a contractelor de achiziție publică,  a contractelor sectoriale și a contractelor de concesiune de lucrări și concesiune de servicii, precum și pentru organizarea și funcționarea Consiliului Național de Soluționare a Contestațiilor	True	False	http://legislatie.just.ro/Public/FormaPrintabila/00000G277D7VO1IRD3S2DB82C45YA724
120	2018	6	DECIZIA nr. 44 din 11 iunie 2018	http://legislatie.just.ro/Public/DetaliiDocument/202112	necateg	referitoare la interpretarea dispozițiilor art. 68 din Legea nr. 101/2016 privind remediile și căile de atac în materie de atribuire a contractelor de achiziție publică, a contractelor sectoriale și a contractelor de concesiune de lucrări și concesiune de servicii, precum și pentru organizarea și funcționarea Consiliului Național de Soluționare a Contestațiilor	True	False	http://legislatie.just.ro/Public/FormaPrintabila/00000G1NOFWCI9ZFSJU2POOA78H5XILR
121	2018	1	ORDIN nr. 2.717/318/2018	http://legislatie.just.ro/Public/DetaliiDocument/210042	necateg	privind revizuirea ratei de actualizare ce va fi utilizată la atribuirea contractelor de achiziție publică	True	False	http://legislatie.just.ro/Public/FormaPrintabila/00000G2J2XP0AYWMNLY3UHKVK9ANHGC3
122	2018	11	ORDIN nr. 1.068/1.652/2018	http://legislatie.just.ro/Public/DetaliiDocument/206680	necateg	pentru aprobarea Ghidului de achiziții publice verzi care cuprinde cerințele minime  privind protecția mediului pentru anumite grupe de produse și servicii ce se solicită  la nivelul caietelor de sarcini 	True	False	http://legislatie.just.ro/Public/FormaPrintabila/00000G1IHR57SH1S2J00OQGSSYVOVJFI
123	2018	8	ORDIN nr. 1.218/836/2018	http://legislatie.just.ro/Public/DetaliiDocument/204235	necateg	pentru aprobarea Normelor privind eficientizarea procedurilor de atribuire a contractelor  de achiziție publică implementate de către Compania Națională de Administrare  a Infrastructurii Rutiere - S.A.	True	False	http://legislatie.just.ro/Public/FormaPrintabila/00000G3VPAR6O7JUN1R1C836DJ2DMZXS
124	2018	8	ORDIN nr. 836 din 6 august 2018	http://legislatie.just.ro/Public/DetaliiDocument/204237	necateg	pentru aprobarea Normelor privind eficientizarea procedurilor de atribuire a contractelor  de achiziție publică implementate de către Compania Națională de Administrare  a Infrastructurii Rutiere - S.A.	True	False	http://legislatie.just.ro/Public/FormaPrintabila/00000G1IYCTI98UZ5HA3IXUKR2GDZFR8
125	2018	10	ORDIN nr. 1.581 din 5 octombrie 2018	http://legislatie.just.ro/Public/DetaliiDocument/206127	necateg	privind aprobarea formularelor standard ale proceselor-verbale intermediare de evaluare  aferente procedurilor de atribuire a contractelor/acordurilor-cadru de achiziție publică,  a contractelor/acordurilor-cadru sectoriale și a contractelor de concesiune de lucrări  și concesiune de servicii	True	False	http://legislatie.just.ro/Public/FormaPrintabila/00000G2G0R5FJG977HJ2LFKR0RAS2I2I
126	2018	8	ORDIN nr. 941 din 29 august 2018	http://legislatie.just.ro/Public/DetaliiDocument/205109	necateg	privind metodologia de constatare a contravențiilor și aplicare a sancțiunilor în conformitate  cu prevederile Ordonanței de urgență a Guvernului nr. 98/2017 privind funcția de control ex ante  al procesului de atribuire a contractelor/acordurilor-cadru de achiziție publică,  a contractelor/acordurilor-cadru sectoriale și a contractelor de concesiune de lucrări  și concesiune de servicii	True	False	http://legislatie.just.ro/Public/FormaPrintabila/00000G1GQZA5JWQPXZ81IRVXJW7FYRLM
127	2018	10	ORDIN nr. 1.652 din 15 octombrie 2018	http://legislatie.just.ro/Public/DetaliiDocument/206682	necateg	pentru aprobarea Ghidului de achiziții publice verzi care cuprinde cerințele minime  privind protecția mediului pentru anumite grupe de produse și servicii ce se solicită  la nivelul caietelor de sarcini 	True	False	http://legislatie.just.ro/Public/FormaPrintabila/00000G3IQQK4QRLFMSO2THZ4BSMPKVIU
128	2018	10	GHID din 15 octombrie 2018	http://legislatie.just.ro/Public/DetaliiDocument/206683	necateg	de achiziții publice verzi care cuprinde cerințele minime privind protecția mediului pentru anumite grupe de produse și servicii ce se solicită la nivelul caietelor de sarcini	True	False	http://legislatie.just.ro/Public/FormaPrintabila/00000G1BUGHVPCN06F90PO36RRKCY9P7
129	2019	3	ORDONANȚĂ DE URGENȚĂ nr. 16 din 12 martie 2019	https://legislatie.just.ro/Public/DetaliiDocumentAfis/211860	primar	pentru modificarea art. 5 alin. (2) din Ordonanța de urgență a Guvernului nr. 98/2017  privind funcția de control ex ante al procesului de atribuire  a contractelor/acordurilor-cadru de achiziție publică, a contractelor/acordurilor-cadru sectoriale  și a contractelor de concesiune de lucrări și concesiune de servicii	True	False	http://legislatie.just.ro/Public/FormaPrintabila/00000G149KUCVY69BJ724XAJSUHNYOSK
130	2019	7	HOTĂRÂRE nr. 495 din 9 iulie 2019	http://legislatie.just.ro/Public/DetaliiDocument/216555	secundar	pentru modificarea și completarea Normelor metodologice de aplicare a prevederilor Ordonanței de urgență a Guvernului nr. 98/2017 privind funcția de control ex ante al procesului de atribuire  a contractelor/acordurilor-cadru de achiziție publică, a contractelor/acordurilor-cadru sectoriale  și a contractelor de concesiune de lucrări și concesiune de servicii, prevăzute în anexa nr. 1 la Hotărârea Guvernului nr. 419/2018	True	False	http://legislatie.just.ro/Public/FormaPrintabila/00000G1RFK3GA3LK3963VAGR4AQ1H4MM
131	2019	4	INSTRUCȚIUNE nr. 1 din 11 aprilie 2019	http://legislatie.just.ro/Public/DetaliiDocument/212911	tertiar	pentru modificarea Instrucțiunii președintelui Agenției Naționale pentru Achiziții Publice nr. 2/2018 privind ajustarea prețului contractului de achiziție publică/sectorială	True	False	http://legislatie.just.ro/Public/FormaPrintabila/00000G3OLDD6VM1W2U62GHWFWK0GZHSO
132	2019	6	ORDIN nr. 1.760 din 21 iunie 2019	http://legislatie.just.ro/Public/DetaliiDocument/215638	tertiar	pentru aprobarea Metodologiei de supervizare a modului  de funcționare a sistemului achizițiilor publice/sectoriale, concesiunilor de lucrări și servicii	True	False	http://legislatie.just.ro/Public/FormaPrintabila/00000G1NOKKUFGK2OWR3CAXDGOZ7ORDL
133	2019	5	ORDIN nr. 131/1.401/2019	http://legislatie.just.ro/Public/DetaliiDocument/213578	tertiar	privind documentele standard și contractul-cadru care vor fi utilizate în cadrul procedurilor  de delegare a gestiunii serviciului public de transport de persoane în unitățile  administrativ-teritoriale, realizat cu autobuze, troleibuze și/sau tramvaie	False	False	http://legislatie.just.ro/Public/FormaPrintabila/00000G2SAPMP8CKAECF12C6OH1J0S26J
134	2019	2	ORDIN nr. 1.017 din 20 februarie 2019	http://legislatie.just.ro/Public/DetaliiDocument/211897	tertiar	privind aprobarea structurii, conținutului și modului de utilizare a Documentației standard de atribuire a contractului de achiziție publică/sectorială de produse, precum și a modalității  de completare a anunțului de participare/de participare simplificat	True	False	http://legislatie.just.ro/Public/FormaPrintabila/00000G2NPJU7ANX87G303D2Z7PSYPH1H
135	2019	4	HOTĂRÂRE nr. 257 din 24 aprilie 2019	http://legislatie.just.ro/Public/DetaliiDocument/213395	necateg	privind furnizarea activităților centralizate de achiziții publice  pentru unitățile sistemului administrației penitenciare	True	False	http://legislatie.just.ro/Public/FormaPrintabila/00000G3DNHIZ1SZ5AKL2IS0K18LPZ5D2
136	2019	9	DECIZIA nr. 501 din 17 septembrie 2019	http://legislatie.just.ro/Public/DetaliiDocument/224995	necateg	referitoare la excepția de neconstituționalitate a dispozițiilor art. 61^1 din Legea nr. 101/2016 privind remediile și căile de atac în materie de atribuire a contractelor de achiziție publică, a contractelor sectoriale și a contractelor de concesiune de lucrări și concesiune de servicii, precum și pentru organizarea și funcționarea Consiliului Național de Soluționare a Contestațiilor	True	False	http://legislatie.just.ro/Public/FormaPrintabila/00000G38515CUF43HI80Z89KZLHGCHCZ
137	2019	7	DECIZIA nr. 440 din 11 iulie 2019	http://legislatie.just.ro/Public/DetaliiDocument/219166	necateg	referitoare la excepția de neconstituționalitate a dispozițiilor art. 29 alin. (2) din Legea nr. 101/2016 privind remediile și căile de atac în materie de atribuire a contractelor de achiziție publică,  a contractelor sectoriale și a contractelor de concesiune de lucrări și concesiune de servicii, precum și pentru organizarea și funcționarea Consiliului Național de Soluționare a Contestațiilor,  în redactarea anterioară modificărilor aduse prin Ordonanța de urgență a Guvernului nr. 107/2017	True	False	http://legislatie.just.ro/Public/FormaPrintabila/00000G2RI7BAK86B8W5249OFYDLYT2QO
138	2019	6	ORDIN nr. 1.760 din 21 iunie 2019	http://legislatie.just.ro/Public/DetaliiDocument/215638	necateg	pentru aprobarea Metodologiei de supervizare a modului  de funcționare a sistemului achizițiilor publice/sectoriale, concesiunilor de lucrări și servicii	True	False	http://legislatie.just.ro/Public/FormaPrintabila/00000G37D20ONRYLZAH3BDF5TM0G3MU5
139	2019	6	METODOLOGIE din 21 iunie 2019	http://legislatie.just.ro/Public/DetaliiDocument/215639	necateg	de supervizare a modului de funcționare a sistemului achizițiilor publice/sectoriale, concesiunilor de lucrări și servicii	True	False	http://legislatie.just.ro/Public/FormaPrintabila/00000G2M4QZMTCWI1S01224KBSW5I7OP
140	2019	2	ORDIN nr. 1.017 din 20 februarie 2019	http://legislatie.just.ro/Public/DetaliiDocument/211897	necateg	privind aprobarea structurii, conținutului și modului de utilizare a Documentației standard de atribuire a contractului de achiziție publică/sectorială de produse, precum și a modalității  de completare a anunțului de participare/de participare simplificat	True	False	http://legislatie.just.ro/Public/FormaPrintabila/00000G0IXTM6DB0L3NZ2448BS83SALS8
141	2020	2	ORDONANȚĂ DE URGENȚĂ nr. 23 din 4 februarie 2020	http://legislatie.just.ro/Public/DetaliiDocument/223009	primar	pentru modificarea și completarea unor acte normative  cu impact asupra sistemului achizițiilor publice	True	False	http://legislatie.just.ro/Public/FormaPrintabila/00000G0FLEK2USTG9PY0J1LJIUCXNASS
142	2020	5	COMUNICAT din 7 mai 2020	http://legislatie.just.ro/Public/DetaliiDocument/207605	necateg	privind aplicarea căii de atac a recursului în termen de 10 zile de la comunicare, la secția contencios administrativ și fiscal a curții de apel, care judecă în complet specializat în achiziții publice, sau aplicarea procedurii specifice litigiilor civile de drept comun, inclusiv în privința căii de atac, a termenului de exercitare și a instanței competente din punct de vedere funcțional, în cazul proceselor și cererilor care decurg din executarea contractelor administrative	True	False	http://legislatie.just.ro/Public/FormaPrintabila/00000G21DCOSGXRUMN70K89VGD2XECN3
143	2020	12	ORDIN nr. 2.389/300/2020	http://legislatie.just.ro/Public/DetaliiDocument/235817	necateg	privind revizuirea ratei de actualizare ce va fi utilizată la atribuirea contractelor de achiziție publică în anul 2021	True	False	http://legislatie.just.ro/Public/FormaPrintabila/00000G13GCAAXLF8OXT3QJ4JQJMFOHG3
144	2020	11	ORDIN nr. 1.935/2.104/2020	http://legislatie.just.ro/Public/DetaliiDocument/232797	necateg	privind abrogarea Ordinului ministrului transporturilor și al președintelui Agenției Naționale pentru Achiziții Publice nr. 1.218/836/2018 pentru aprobarea Normelor privind eficientizarea procedurilor de atribuire a contractelor de achiziție publică implementate de către Compania Națională de Administrare a Infrastructurii Rutiere - S.A.	True	False	http://legislatie.just.ro/Public/FormaPrintabila/00000G0H2H1LP0P6C3P09GPGDS9RK7LM
145	2020	12	ORDIN nr. 2.376 din 4 decembrie 2020	http://legislatie.just.ro/Public/DetaliiDocument/235136	necateg	"privind conținutul, modalitatea de completare și modul de utilizare a documentelor standard ""Instrucțiuni pentru ofertanți/candidați"" și ""Caiet de sarcini"" la atribuirea acordului-cadru/contractului de achiziție publică/sectorial având ca obiect măști de protecție de uz sanitar de tip II, II R, FFP2, FFP3"	True	False	http://legislatie.just.ro/Public/FormaPrintabila/00000G1UCCA5396PQ890IOHK66E0IMA7
146	2020	9	DECIZIE nr. 501 din 16 septembrie 2020	http://legislatie.just.ro/Public/DetaliiDocument/230316	necateg	pentru aprobarea Normelor privind asigurarea accesului în Sistemul electronic de achiziții publice (SEAP) pentru efectuarea controlului procedurilor de achiziție publică	True	False	http://legislatie.just.ro/Public/FormaPrintabila/00000G0RNHLYYIQXRIC2T10HSCQUM2JG
147	2020	9	NORME din 16 septembrie 2020	http://legislatie.just.ro/Public/DetaliiDocument/230317	necateg	privind asigurarea accesului în Sistemul electronic de achiziții publice (SEAP) pentru efectuarea controlului procedurilor de achiziție publică	True	False	http://legislatie.just.ro/Public/FormaPrintabila/00000G17SL6SME06GYO3231O70I2LLNT
148	2020	7	NORME METODOLOGICE din 9 iulie 2020	http://legislatie.just.ro/Public/DetaliiDocument/227854	necateg	privind achizițiile publice centralizate pentru Administrația Națională a Penitenciarelor și unitățile din subordinea sa	True	False	http://legislatie.just.ro/Public/FormaPrintabila/00000G16DN7CGZ32RJQ0UM0GUWHKI4R2
149	2020	11	DECIZIA nr. 858 din 26 noiembrie 2020	http://legislatie.just.ro/Public/DetaliiDocument/244133	necateg	referitoare la excepția de neconstituționalitate a dispozițiilor art. 288^1 din Ordonanța de urgență a Guvernului nr. 34/2006 privind atribuirea contractelor de achiziție publică,  a contractelor de concesiune de lucrări publice și a contractelor de concesiune de servicii,  precum și ale articolului unic pct. 8 din Legea nr. 193/2013 privind aprobarea Ordonanței de urgență a Guvernului nr. 77/2012 pentru modificarea și completarea Ordonanței de urgență a Guvernului nr. 34/2006 privind atribuirea contractelor de achiziție publică,  a contractelor de concesiune de lucrări publice și a contractelor de concesiune de servicii	True	False	http://legislatie.just.ro/Public/FormaPrintabila/00000G0P2HUW8ZGJB3Q3VQMBMPSF2QJD
150	2020	9	DECIZIE nr. 330 din 7 septembrie 2020	http://legislatie.just.ro/Public/DetaliiDocument/229824	necateg	privind exercitarea, cu caracter temporar, de către doamna Ionela-Daniela Balaș a funcției publice vacante din categoria înalților funcționari publici de secretar general adjunct  al Agenției Naționale pentru Achiziții Publice	True	False	http://legislatie.just.ro/Public/FormaPrintabila/00000G0AZMNN303DC5F1EVVWRVDIQTG7
151	2020	2	ORDONANȚĂ DE URGENȚĂ nr. 23 din 4 februarie 2020	http://legislatie.just.ro/Public/DetaliiDocument/227262	necateg	pentru modificarea și completarea unor acte normative  cu impact asupra sistemului achizițiilor publice	True	False	http://legislatie.just.ro/Public/FormaPrintabila/00000G3MIVWRZC1Y5D11U8UCQCSYWDL7
152	2020	11	DECIZIA nr. 827 din 17 noiembrie 2020	http://legislatie.just.ro/Public/DetaliiDocument/243178	necateg	referitoare la excepția de neconstituționalitate a dispozițiilor art. 56 alin. (1) lit. a) din Legea nr. 101/2016 privind remediile și căile de atac în materie de atribuire a contractelor  de achiziție publică, a contractelor sectoriale și a contractelor de concesiune de lucrări  și concesiune de servicii, precum și pentru organizarea și funcționarea  Consiliului Național de Soluționare a Contestațiilor	True	False	http://legislatie.just.ro/Public/FormaPrintabila/00000G3NR54NXQVR2F03R652PRVKIP5M
153	2020	10	ORDIN  nr. 2.104 din 12 octombrie 2020	http://legislatie.just.ro/Public/DetaliiDocument/232798	necateg	privind abrogarea Ordinului ministrului transporturilor și al președintelui Agenției Naționale pentru Achiziții Publice nr. 1.218/836/2018 pentru aprobarea Normelor  privind eficientizarea procedurilor de atribuire a contractelor de achiziție publică implementate de către Compania Națională de Administrare a Infrastructurii Rutiere - S.A.	True	False	http://legislatie.just.ro/Public/FormaPrintabila/00000G0RXYDI455UN7F1VMCOGIMT91OY
154	2020	4	DECIZIE  nr. 196 din 2 aprilie 2020	http://legislatie.just.ro/Public/DetaliiDocument/224590	necateg	privind exercitarea, cu caracter temporar, de către  doamna Ionela-Daniela Balaș a funcției publice vacante  din categoria înalților funcționari publici de secretar  general adjunct al Agenției Naționale pentru Achiziții Publice	True	False	http://legislatie.just.ro/Public/FormaPrintabila/00000G2FZVDRZIKEP9C13TYBNISFAA5W
155	2020	7	DECIZIA nr. 533 din 2 iulie 2020	http://legislatie.just.ro/Public/DetaliiDocument/234353	necateg	referitoare la excepția de neconstituționalitate a dispozițiilor art. 16 alin. (1) din Legea nr. 101/2016 privind remediile și căile de atac în materie de atribuire a contractelor de achiziție publică, a contractelor sectoriale și a contractelor de concesiune de lucrări și concesiune de servicii, precum și pentru organizarea și funcționarea Consiliului Național de Soluționare a Contestațiilor	True	False	http://legislatie.just.ro/Public/FormaPrintabila/00000G1KAAN6DFQMK6W0PQUD1I5UB9RZ
156	2020	9	LEGE nr. 199 din 8 septembrie 2020	http://legislatie.just.ro/Public/DetaliiDocument/229853	necateg	privind facturarea electronică în domeniul achizițiilor publice	True	False	http://legislatie.just.ro/Public/FormaPrintabila/00000G3A9C71KBLAN9L26Z46XQVQUC2P
157	2020	12	ORDIN nr. 300 din 22 decembrie 2020	http://legislatie.just.ro/Public/DetaliiDocument/235818	necateg	privind revizuirea ratei de actualizare ce va fi utilizată la atribuirea contractelor de achiziție publică în anul 2021	True	False	http://legislatie.just.ro/Public/FormaPrintabila/00000G3K1VH9NB0DQPZ0OW3LQHB3RGCI
158	2020	1	DECIZIE  nr. 24 din 14 ianuarie 2020	http://legislatie.just.ro/Public/DetaliiDocument/222026	necateg	privind eliberarea domnului Bogdan Pușcaș din funcția  de președinte, cu rang de secretar de stat,  al Agenției Naționale pentru Achiziții Publice	True	False	http://legislatie.just.ro/Public/FormaPrintabila/00000G321NRJ8GBW0LM1UQCTI4GAOV1O
159	2020	7	ORDIN nr. 2.916/C din 9 iulie 2020	http://legislatie.just.ro/Public/DetaliiDocument/227853	necateg	pentru aprobarea Normelor metodologice privind achizițiile publice centralizate  pentru Administrația Națională a Penitenciarelor și unitățile din subordinea sa	True	False	http://legislatie.just.ro/Public/FormaPrintabila/00000G3I6N59DTBLBH92FV5F4KCC6MG3
160	2020	10	DECIZIE nr. 344 din 13 octombrie 2020	http://legislatie.just.ro/Public/DetaliiDocument/231186	necateg	privind încetarea raportului de serviciu al domnului Ladanyi Laszlo-Zsolt,  secretar general al Agenției Naționale pentru Achiziții Publice, prin acordul părților	True	False	http://legislatie.just.ro/Public/FormaPrintabila/00000G0FEMH45M9R3FA1BQS5FZGH851G
161	2020	1	DECIZIE  nr. 25 din 14 ianuarie 2020	http://legislatie.just.ro/Public/DetaliiDocument/222027	necateg	privind numirea domnului Eugen Ștefan-Dorel Cojoacă  în funcția de președinte, cu rang de secretar de stat,  al Agenției Naționale pentru Achiziții Publice	True	False	http://legislatie.just.ro/Public/FormaPrintabila/00000G01Q2LNK3V6BAT2J4O3MLZTZLS1
162	2021	1	INSTRUCȚIUNE nr. 1 din 8 ianuarie 2021	http://legislatie.just.ro/Public/DetaliiDocument/236529	tertiar	privind modificarea contractului de achiziție publică/contractului  de achiziție sectorială/acordului-cadru	True	False	http://legislatie.just.ro/Public/FormaPrintabila/00000G2H5GDLWPNJI261M4XL4PBBW1W2
163	2021	8	ORDONANȚĂ nr. 3 din 25 august 2021	http://legislatie.just.ro/Public/DetaliiDocument/245872	necateg	pentru modificarea și completarea unor acte normative în domeniul achizițiilor publice	True	False	http://legislatie.just.ro/Public/FormaPrintabila/00000G0A9P06NDMEGRD0KCZH6LMWOXZ7
164	2021	12	ORDIN nr. 1.837/170/2021	http://legislatie.just.ro/Public/DetaliiDocument/250105	necateg	privind revizuirea ratei de actualizare ce va fi utilizată la atribuirea contractelor de achiziție publică în anul 2022	True	False	http://legislatie.just.ro/Public/FormaPrintabila/00000G2X6PHH3694RJ50WNOXQ33QABIM
165	2021	8	ORDIN nr. 1.170 din 18 august 2021	http://legislatie.just.ro/Public/DetaliiDocument/246038	necateg	privind aprobarea formularelor standard ale proceselor-verbale intermediare de evaluare  aferente procedurilor de atribuire a contractelor/acordurilor-cadru de achiziție publică,  a contractelor/acordurilor-cadru sectoriale și a contractelor de concesiune de lucrări  și concesiune de servicii	True	False	http://legislatie.just.ro/Public/FormaPrintabila/00000G3TB11X3EE5TL510EWX3KNQ4VT5
166	2021	9	DECIZIA nr. 602 din 30 septembrie 2021	http://legislatie.just.ro/Public/DetaliiDocument/249071	necateg	referitoare la excepția de neconstituționalitate a dispozițiilor art. 167 alin. (1) lit. g) și ale art. 169 din Legea nr. 98/2016 privind achizițiile publice	True	False	http://legislatie.just.ro/Public/FormaPrintabila/00000G3QSW11YHLLNUR3O0K8EAEUO0LG
167	2021	6	DECIZIA nr. 361 din 3 iunie 2021	http://legislatie.just.ro/Public/DetaliiDocument/244912	necateg	referitoare la excepția de neconstituționalitate a prevederilor art. 171 alin. (5) lit. b) din Legea nr. 98/2016 privind achizițiile publice	True	False	http://legislatie.just.ro/Public/FormaPrintabila/00000G0P8B5MUEVH6B52X751C95U0QWW
168	2021	12	DECIZIE  nr. 586 din 20 decembrie 2021	http://legislatie.just.ro/Public/DetaliiDocument/249715	necateg	privind exercitarea, cu caracter temporar,  de către doamna Ionela-Daniela Balaș a funcției publice vacante din categoria înalților funcționari publici de secretar general adjunct al Agenției Naționale pentru Achiziții Publice	True	False	http://legislatie.just.ro/Public/FormaPrintabila/00000G3K2E2V88RJ74V2HM4IXZW7W8PX
169	2021	9	DECIZIE nr. 420 din 2 septembrie 2021	http://legislatie.just.ro/Public/DetaliiDocument/245981	necateg	privind exercitarea, cu caracter temporar,  de către doamna Anca-Gabriela Marinescu a funcției publice vacante din categoria înalților funcționari publici de secretar general al Agenției Naționale pentru Achiziții Publice	True	False	http://legislatie.just.ro/Public/FormaPrintabila/00000G3C5FVLRBCMOD00MA9XACLXJJX8
170	2021	2	DECIZIE nr. 137 din 19 februarie 2021	http://legislatie.just.ro/Public/DetaliiDocument/238056	necateg	privind eliberarea domnului Eugen Ștefan-Dorel Cojoacă din funcția de președinte, cu rang de secretar de stat, al Agenției Naționale pentru Achiziții Publice	True	False	http://legislatie.just.ro/Public/FormaPrintabila/00000G3JD3GA693LPYZ193AXHNBESL8W
171	2021	5	DECIZIE  nr. 312 din 18 mai 2021	http://legislatie.just.ro/Public/DetaliiDocument/242366	necateg	pentru modificarea Deciziei prim-ministrului nr. 236/2015 privind înființarea  Comitetului Interministerial pentru Achiziții Publice 	True	False	http://legislatie.just.ro/Public/FormaPrintabila/00000G2QEETT30D3L0N2N8R8JAUZ60OE
172	2021	4	ORDIN nr. 549 din 22 aprilie 2021	http://legislatie.just.ro/Public/DetaliiDocument/241946	necateg	pentru aprobarea listei țărilor care se încadrează în categoriile prevăzute la art. 3 alin. (1) lit. jj) pct. (iii)-(v) din Legea nr. 98/2016 privind achizițiile publice, art. 3 alin. (1) lit. ii) pct. (iii)-(v) din Legea nr. 99/2016 privind achizițiile sectoriale și art. 5 alin. (1) lit. x) pct. (iii)-(v) din Legea nr. 100/2016 privind concesiunile de lucrări și concesiunile de servicii	True	False	http://legislatie.just.ro/Public/FormaPrintabila/00000G3NF3JPQBK5QT43K2WOVKLGYLLO
173	2021	5	ORDIN nr. 661 din 19 mai 2021	http://legislatie.just.ro/Public/DetaliiDocument/242866	necateg	pentru abrogarea Ordinului președintelui Agenției Naționale pentru Achiziții Publice nr. 707/2018 privind stabilirea unui mecanism de creștere a competitivității companiilor deținute majoritar  sau integral de stat prin intermediul procedurilor de achiziție publică/sectorială	True	False	http://legislatie.just.ro/Public/FormaPrintabila/00000G0CSQL06OY2KDG2FAEU56NGHQ8K
174	2021	3	DECIZIA nr. 190 din 18 martie 2021	http://legislatie.just.ro/Public/DetaliiDocument/245117	necateg	referitoare la excepția de neconstituționalitate a dispozițiilor art. 21 alin. (3) și ale art. 30 alin. (2) din Legea nr. 101/2016 privind remediile și căile de atac în materie de atribuire a contractelor  de achiziție publică, a contractelor sectoriale și a contractelor de concesiune de lucrări  și concesiune de servicii, precum și pentru organizarea și funcționarea Consiliului Național  de Soluționare a Contestațiilor	True	False	http://legislatie.just.ro/Public/FormaPrintabila/00000G0BE73H1FLBRZO3M90IAFWDPR7H
175	2021	2	DECIZIE nr. 139 din 19 februarie 2021	http://legislatie.just.ro/Public/DetaliiDocument/238058	necateg	privind numirea domnului Liviu Bostan în funcția  de președinte, cu rang de secretar de stat, al Agenției Naționale pentru Achiziții Publice	True	False	http://legislatie.just.ro/Public/FormaPrintabila/00000G2NFB2RJYT92XL2Q27Q90ECJCWT
176	2021	8	ORDONANȚĂ nr. 15 din 30 august 2021	http://legislatie.just.ro/Public/DetaliiDocument/245929	necateg	privind reglementarea unor măsuri fiscal-bugetare pentru ajustarea prețurilor contractelor de achiziție publică	True	False	http://legislatie.just.ro/Public/FormaPrintabila/00000G1CNUY0MIBI5SY1HYQ6BP3VAY9V
177	2021	3	DECIZIE nr. 241 din 18 martie 2021	http://legislatie.just.ro/Public/DetaliiDocument/239708	necateg	privind exercitarea, cu caracter temporar, de către doamna Anca-Gabriela Marinescu a funcției publice vacante  din categoria înalților funcționari publici de secretar general  al Agenției Naționale pentru Achiziții Publice	True	False	http://legislatie.just.ro/Public/FormaPrintabila/00000G2M1FK006Y3O110N1FGPFY6X119
178	2021	12	ORDIN nr. 170 din 29 decembrie 2021	http://legislatie.just.ro/Public/DetaliiDocument/250106	necateg	privind revizuirea ratei de actualizare ce va fi utilizată la atribuirea contractelor de achiziție publică în anul 2022	True	False	http://legislatie.just.ro/Public/FormaPrintabila/00000G0012GH83PY5UR0X3KYXER2KNF1
179	2018	1	ORDIN nr. 37 din 18 ianuarie 2018	http://legislatie.just.ro/Public/DetaliiDocument/250105	anap	privind revizuirea ratei de actualizare ce va fi utilizată la atribuirea contractelor de achiziție publică în anul 2022	True	False	http://legislatie.just.ro/Public/FormaPrintabila/00000G2805SN16AIJ0X3CMFL2C44MWSS
180	2016	9	ORDIN nr. 731 din 29 septembrie 2016	http://legislatie.just.ro/Public/DetaliiDocument/246038	anap	privind aprobarea formularelor standard ale proceselor-verbale intermediare de evaluare  aferente procedurilor de atribuire a contractelor/acordurilor-cadru de achiziție publică,  a contractelor/acordurilor-cadru sectoriale și a contractelor de concesiune de lucrări  și concesiune de servicii	True	False	http://legislatie.just.ro/Public/FormaPrintabila/00000G0AZV0BVU2JND53LRV3BVV0GSCT
181	2020	12	ANEXE din 4 decembrie 2020	http://legislatie.just.ro/Public/DetaliiDocument/242866	anap	pentru abrogarea Ordinului președintelui Agenției Naționale pentru Achiziții Publice nr. 707/2018 privind stabilirea unui mecanism de creștere a competitivității companiilor deținute majoritar  sau integral de stat prin intermediul procedurilor de achiziție publică/sectorială	True	False	http://legislatie.just.ro/Public/FormaPrintabila/00000G0G10WWL3P9G97218TAWASP4AER
182	2020	1	ORDIN nr. 45 din 13 ianuarie 2020	http://legislatie.just.ro/Public/DetaliiDocument/241946	anap	pentru aprobarea listei țărilor care se încadrează în categoriile prevăzute la art. 3 alin. (1) lit. jj) pct. (iii)-(v) din Legea nr. 98/2016 privind achizițiile publice, art. 3 alin. (1) lit. ii) pct. (iii)-(v) din Legea nr. 99/2016 privind achizițiile sectoriale și art. 5 alin. (1) lit. x) pct. (iii)-(v) din Legea nr. 100/2016 privind concesiunile de lucrări și concesiunile de servicii	True	False	http://legislatie.just.ro/Public/FormaPrintabila/00000G0ITOPWE2PESXC0WWRICDMQ86LS
183	2017	4	INSTRUCȚIUNE nr. 2 din 19 aprilie 2017	http://legislatie.just.ro/Public/DetaliiDocument/236529	anap	privind modificarea contractului de achiziție publică/contractului  de achiziție sectorială/acordului-cadru	True	False	http://legislatie.just.ro/Public/FormaPrintabila/00000G36L09NUB59JI52U1C1423TXH3R
184	2018	8	NORME din 6 august 2018	http://legislatie.just.ro/Public/DetaliiDocument/235817	anap	privind revizuirea ratei de actualizare ce va fi utilizată la atribuirea contractelor de achiziție publică în anul 2021	True	False	http://legislatie.just.ro/Public/FormaPrintabila/00000G26YWWV8H99FDE3IND8ZBGFAZUG
185	2019	2	ANEXE din 20 februarie 2019	http://legislatie.just.ro/Public/DetaliiDocument/235206	anap	"privind conținutul, modalitatea de completare și modul de utilizare a documentelor standard ""Instrucțiuni pentru ofertanți/candidați"" și ""Caiet de sarcini"" la atribuirea acordului-cadru/contractului de achiziție publică/sectorial având ca obiect măști de protecție de uz sanitar de tip II, II R, FFP2, FFP3"	True	False	http://legislatie.just.ro/Public/FormaPrintabila/00000G31OGQOJXVYPCQ0448UY3L48XP2
186	2017	3	ORDIN nr. 55 din 3 martie 2017	http://legislatie.just.ro/Public/DetaliiDocument/235136	anap	"privind conținutul, modalitatea de completare și modul de utilizare a documentelor standard ""Instrucțiuni pentru ofertanți/candidați"" și ""Caiet de sarcini"" la atribuirea acordului-cadru/contractului de achiziție publică/sectorial având ca obiect măști de protecție de uz sanitar de tip II, II R, FFP2, FFP3"	True	False	http://legislatie.just.ro/Public/FormaPrintabila/00000G3RUNS2DOLDTLZ3KB2325A4U398
187	2016	10	ORDIN nr. 842/175/2016	http://legislatie.just.ro/Public/DetaliiDocument/232798	anap	privind abrogarea Ordinului ministrului transporturilor și al președintelui Agenției Naționale pentru Achiziții Publice nr. 1.218/836/2018 pentru aprobarea Normelor  privind eficientizarea procedurilor de atribuire a contractelor de achiziție publică implementate de către Compania Națională de Administrare a Infrastructurii Rutiere - S.A.	True	False	http://legislatie.just.ro/Public/FormaPrintabila/00000G38YKIEI9MQNHE3UD0L5HX9GDD5
188	2016	6	ORDIN nr. 281 din 22 iunie 2016	http://legislatie.just.ro/Public/DetaliiDocument/223913	anap	privind revizuirea ratei de actualizare ce va fi utilizată la atribuirea contractelor de achiziție publică în anul 2020	True	False	http://legislatie.just.ro/Public/FormaPrintabila/00000G08CZH2OISVCRH21CP8OWZ1G1ZC
189	2019	4	ANEXE din 17 aprilie 2019	http://legislatie.just.ro/Public/DetaliiDocument/215638	anap	pentru aprobarea Metodologiei de supervizare a modului  de funcționare a sistemului achizițiilor publice/sectoriale, concesiunilor de lucrări și servicii	True	False	http://legislatie.just.ro/Public/FormaPrintabila/00000G2F0L0DVR27U7418EXJZC8MUCUJ
190	2017	1	INSTRUCȚIUNE nr. 1 din 4 ianuarie 2017	http://legislatie.just.ro/Public/DetaliiDocument/215639	anap	de supervizare a modului de funcționare a sistemului achizițiilor publice/sectoriale, concesiunilor de lucrări și servicii	True	False	http://legislatie.just.ro/Public/FormaPrintabila/00000G1BP7IA6H6XUWP11WTSFJSPB65I
191	2017	11	ORDIN nr. 890 din 14 noiembrie 2017	http://legislatie.just.ro/Public/DetaliiDocument/213579	anap	privind documentele standard și contractul-cadru care vor fi utilizate în cadrul procedurilor  de delegare a gestiunii serviciului public de transport de persoane în unitățile  administrativ-teritoriale, realizat cu autobuze, troleibuze și/sau tramvaie	False	False	http://legislatie.just.ro/Public/FormaPrintabila/00000G18YQ9RIYNMH8O1BLNSUY51NRUZ
